BOW_RECLUSTER_FREQ	CLARA_ITERS	COMP_METHOD	DELTA	DESCRIPTORS_PER_WORD	FASTCORNER_t	FLAT_WEIGHTING	F_ALGORITHM	F_ALG_HYP	F_ALG_NONGB	HIST_FACTOR	HIST_MAX_I	HIST_MIN_I	HIST_MIN_S	HIST_NORMALISE_I	HIST_NORM_LB	KMEDOIDS_ITERS	MAX_DESCRIPTORS_KM	MAX_DESCRIPTORS_KM_TOP	MAX_SCALE_RANGE	NORMALISE_PATCH	NUM_LEVELS	NUM_TO_LINK	N_FEATURES_RAND	N_IMAGES	N_ITERS	PATCH_BLUR	PATCH_ORIENT	PATCH_SCALE	RANSAC_3PT_THRESH	RANSAC_8PT_SV_CUTOFF	RANSAC_DISJOINT_MATCH_METHOD	RANSAC_E_PROB	RANSAC_E_THRESH	RANSAC_HYP_SET_SIZE_ADDITIONAL	RANSAC_SAMPLING_METHOD	RANSAC_VERIFICATION_METHOD	REENTRY_PROB	SCORE	SPARSE_ASSIGN_COUNT	SUBVEC_CACHE_SIZE	SUBVEC_LENGTH	S_VS_H	TARGET_CORRESPONDENCES	TIME	TIME_SCORE_WEIGHT	T_NEW	VEC_MIN_LENGTH	bRelPositioning	bScale	dRadius	eAlignmentMethod	eCorners	eLinkMethod	ePATCH_COMP_METHOD	nBinBlur	nBinLB	nBinUB	statA	statB	statMinCorr	statN	statNProcess	statQS	statScale	statT1	statT2	statVMtune	szExtra	
1.396016	1	0 	0.224190 	15 	50	15	5	5	1	4	228	12	10	1	3	1	173	176	30.000000	0	6	7	897	1600	1	3	0	3	20	3.933224	1 	0.800000	0.015905	0	3 	0 	0.250000 	-2.000000	14	39	18	8	227	0.060000	10	0.400000	55	1	0	163	3 	4 	0 	1 	4	8	142	0.274405	0.316988	4	2	181	0	585	0.594743	0.606726	0	"TuneOdometry"	
1.396016	3	0 	0.224190 	15 	40	15	5	8	1	4	228	12	10	1	3	2	173	188	30.000000	0	4	7	897	1600	1	3	0	3	22	3.933224	0 	0.800000	0.013046	0	3 	1 	0.250000 	-1.000000	14	40	14	8	248	284.240000	10	0.400000	55	1	0	163	1 	4 	2 	1 	4	9	149	0.274405	0.316988	4	2	181	0	585	0.594743	0.606726	0	"TuneOdometry"	
1.407801	1	0 	0.248436 	14 	40	15	8	5	1	4	228	12	10	1	3	4	173	188	30.000000	0	4	8	897	1600	1	3	0	2	22	4.156417	0 	0.811741	0.013046	0	0 	1 	0.250000 	523.000000	14	31	12	8	227	559.790000	10	0.400000	54	1	0	172	3 	4 	0 	0 	4	10	143	0.274405	0.316988	4	2	181	0	585	0.594743	0.606726	0	"TuneOdometry"	
1.300000	1	0 	0.212095 	15 	56	15	5	5	1	4	228	12	10	1	3	2	173	188	30.000000	0	3	9	897	1600	1	2	0	3	26	3.933224	1 	0.800000	0.010258	0	0 	0 	0.250000 	307.000000	22	41	23	8	223	453.150000	7	0.404752	54	1	0	144	3 	4 	1 	1 	4	8	129	0.274405	0.316988	4	2	181	0	585	0.594743	0.606726	0	"TuneOdometry"	
1.407229	1	6 	0.247926 	15 	49	15	5	8	1	4	228	12	10	1	3	2	173	175	15.000000	0	4	6	897	1600	1	3	0	3	19	4.680786	1 	0.811741	0.012943	1	1 	0 	0.295807 	-2.000000	14	39	17	8	224	0.000000	5	0.400000	53	1	0	144	1 	3 	0 	1 	4	10	163	0.274405	0.316988	4	2	181	0	585	0.594743	0.606726	0	"TuneOdometry"	
1.348008	1	6 	0.201643 	15 	57	15	5	5	0	4	228	12	10	1	3	1	173	176	30.000000	0	4	7	897	1600	1	2	0	3	22	3.933224	0 	0.800000	0.011593	0	0 	0 	0.250000 	4.000000	22	46	23	8	224	288.400000	7	0.402376	53	1	0	147	3 	4 	1 	5 	4	8	142	0.274405	0.316988	4	2	181	0	585	0.594743	0.606726	0	"TuneOdometry"	
1.407801	1	6 	0.224190 	15 	50	15	8	5	1	4	228	12	10	1	3	4	173	182	30.000000	1	3	7	897	1600	1	3	0	2	22	3.933224	0 	0.811741	0.014300	0	1 	0 	0.221734 	565.000000	14	39	17	8	226	469.160000	10	0.400000	53	1	0	151	3 	4 	0 	5 	4	10	144	0.274405	0.316988	4	2	181	0	585	0.594743	0.606726	0	"TuneOdometry"	
1.300000	1	0 	0.212095 	17 	52	15	5	5	1	4	228	12	10	1	3	1	187	201	30.000000	1	3	7	897	1600	1	4	0	2	26	3.933224	1 	0.800000	0.011222	0	0 	1 	0.250000 	522.000000	16	40	20	8	223	469.040000	10	0.409503	54	1	0	150	3 	4 	1 	1 	4	6	143	0.274405	0.316988	4	2	181	0	585	0.594743	0.606726	0	"TuneOdometry"	
1.407801	1	0 	0.248436 	19 	56	15	8	5	1	4	228	12	10	1	3	3	173	196	27.508592	0	3	8	746	1600	1	2	0	2	26	4.156417	1 	0.805871	0.013046	0	0 	0 	0.242725 	238.000000	14	31	23	8	225	423.220000	10	0.402376	54	1	0	158	3 	4 	1 	0 	4	8	129	0.274405	0.316988	4	2	181	0	585	0.594743	0.606726	0	"TuneOdometry"	
1.353900	1	0 	0.224218 	11 	64	15	5	5	1	4	228	12	10	1	3	4	173	188	30.000000	0	4	7	897	1600	1	2	0	2	24	3.933224	0 	0.811741	0.013046	0	0 	1 	0.250000 	520.000000	18	38	16	8	227	447.300000	10	0.385233	55	1	0	165	3 	4 	0 	0 	4	11	115	0.274405	0.316988	4	2	181	0	585	0.594743	0.606726	0	"TuneOdometry"	
1.342878	1	0 	0.206047 	20 	41	15	5	7	1	4	228	12	10	1	3	2	181	194	31.839289	1	4	7	1067	1600	1	2	0	2	26	4.074918	1 	0.805871	0.012397	0	3 	0 	0.250000 	32.000000	14	43	12	8	223	254.530000	10	0.400000	54	1	0	154	3 	3 	1 	0 	4	12	127	0.274405	0.316988	4	2	181	0	585	0.594743	0.606726	0	"TuneOdometry"	
1.300000	1	6 	0.227221 	15 	49	15	8	5	1	4	228	12	10	1	3	4	173	188	30.000000	1	3	7	897	1600	1	2	0	4	26	3.933224	1 	0.805871	0.010893	0	1 	0 	0.221734 	-2.000000	15	39	18	8	224	0.060000	10	0.365532	55	1	0	122	3 	4 	1 	1 	4	9	181	0.274405	0.316988	4	2	181	0	585	0.594743	0.606726	0	"TuneOdometry"	
1.300000	1	0 	0.212095 	15 	60	15	5	5	1	4	228	12	10	1	3	2	154	188	30.000000	0	3	8	897	1600	1	2	0	3	26	3.933224	1 	0.800000	0.011652	0	0 	0 	0.250000 	607.000000	19	46	23	8	223	441.080000	6	0.409503	54	1	0	159	3 	4 	0 	1 	4	8	122	0.274405	0.316988	4	2	181	0	585	0.594743	0.606726	0	"TuneOdometry"	
1.353900	1	0 	0.248436 	12 	40	15	5	5	1	4	228	12	10	1	3	5	173	188	30.000000	0	4	7	897	1600	1	2	0	2	24	3.933224	0 	0.800000	0.015531	0	0 	1 	0.250000 	513.500000	14	38	16	8	227	680.460000	11	0.385233	54	1	0	168	3 	4 	0 	0 	4	8	129	0.274405	0.316988	4	2	181	0	585	0.594743	0.606726	0	"TuneOdometry"	
1.300000	1	0 	0.230266 	19 	56	15	8	5	1	4	228	12	10	1	3	4	173	188	30.000000	0	4	9	897	1600	1	2	0	5	26	3.933224	1 	0.800000	0.011652	0	0 	0 	0.250000 	27.500000	14	36	17	8	227	9.090000	10	0.459641	54	1	0	144	3 	4 	0 	0 	4	8	129	0.274405	0.316988	4	2	181	0	585	0.594743	0.606726	0	"TuneOdometry"	
1.425410	1	0 	0.212095 	16 	52	15	5	5	1	4	228	12	10	1	3	2	173	201	30.000000	1	3	9	897	1600	1	3	0	3	33	3.933224	1 	0.800000	0.011222	0	0 	0 	0.250000 	-2.000000	16	41	28	8	223	0.040000	9	0.356310	54	1	0	172	3 	4 	1 	1 	4	6	143	0.274405	0.316988	4	2	181	0	585	0.594743	0.606726	0	"TuneOdometry"	
1.530270	1	0 	0.224190 	15 	48	15	5	5	1	4	228	12	10	1	3	2	154	192	30.000000	0	3	5	807	1600	1	2	0	3	19	4.307005	1 	0.912302	0.011652	1	0 	0 	0.263571 	594.000000	19	43	22	8	224	465.040000	5	0.404752	54	1	0	144	3 	4 	0 	1 	4	9	144	0.274405	0.316988	4	2	181	0	585	0.594743	0.606726	0	"TuneOdometry"	
1.407229	2	0 	0.224190 	16 	50	15	8	5	1	4	228	12	10	1	3	1	173	176	24.269737	1	5	7	852	1600	1	3	0	3	22	4.307005	1 	0.975206	0.012943	1	1 	1 	0.263571 	492.500000	15	45	22	8	224	487.060000	8	0.492154	51	1	0	151	3 	2 	0 	1 	4	10	143	0.274405	0.316988	4	2	181	0	585	0.594743	0.606726	0	"TuneOdometry"	
1.374958	1	6 	0.224204 	15 	50	15	5	5	1	4	228	12	10	1	3	1	182	188	30.000000	0	4	7	864	1600	1	3	0	2	15	3.933224	0 	0.811741	0.012685	0	0 	0 	0.250000 	164.000000	14	48	16	8	226	163.410000	11	0.400000	54	0	0	151	3 	4 	0 	1 	4	11	99	0.274405	0.316988	4	2	181	0	585	0.594743	0.606726	0	"TuneOdometry"	
1.380851	1	0 	0.224204 	9 	57	15	8	5	1	4	228	12	10	1	3	5	173	204	30.000000	0	4	7	897	1600	1	2	0	2	22	3.418993	0 	0.811741	0.013046	2	1 	1 	0.235867 	192.000000	20	29	16	8	226	568.460000	10	0.471904	55	1	0	174	1 	4 	0 	0 	4	11	129	0.274405	0.316988	4	2	181	0	585	0.594743	0.606726	0	"TuneOdometry"	
1.407229	1	0 	0.224190 	16 	48	15	5	5	1	4	228	12	10	1	3	2	173	192	15.000000	0	4	7	897	1600	1	2	0	2	23	4.307005	0 	0.800000	0.015923	0	0 	1 	0.263571 	5.000000	15	40	21	8	225	365.780000	5	0.392617	55	1	0	165	3 	1 	1 	0 	4	11	144	0.274405	0.316988	4	2	181	0	585	0.594743	0.606726	0	"TuneOdometry"	
1.407801	3	0 	0.248436 	12 	40	15	5	8	1	4	228	12	10	1	3	4	173	188	30.000000	0	4	8	897	1600	1	2	0	2	22	4.044821	0 	0.811741	0.013046	0	0 	1 	0.250000 	-1.000000	14	34	12	8	193	234.730000	10	0.392617	54	1	0	165	1 	4 	2 	0 	4	10	150	0.274405	0.316988	4	2	181	0	585	0.594743	0.606726	0	"TuneOdometry"	
1.407229	1	0 	0.278485 	16 	64	15	5	5	1	4	228	12	10	1	3	4	173	190	30.000000	0	3	7	897	1600	1	2	0	3	23	4.307005	0 	0.812198	0.012958	0	0 	0 	0.250000 	560.500000	18	41	16	8	248	458.140000	7	0.392617	55	1	0	154	3 	2 	0 	1 	4	10	115	0.274405	0.316988	4	2	181	0	585	0.594743	0.606726	0	"TuneOdometry"	
1.407229	1	0 	0.224190 	16 	48	15	5	5	1	4	228	12	10	1	3	2	173	192	15.000000	0	3	7	897	1600	1	2	0	3	22	4.680786	1 	0.812655	0.010189	1	1 	0 	0.277143 	210.500000	20	41	24	8	224	511.270000	5	0.400000	53	1	0	144	3 	2 	1 	1 	4	10	144	0.274405	0.316988	4	2	181	0	585	0.594743	0.606726	0	"TuneOdometry"	
1.407801	1	0 	0.248436 	14 	44	15	8	7	1	4	228	12	10	1	3	2	173	192	15.000000	0	3	7	897	1600	1	2	0	2	22	4.156417	0 	0.812198	0.013002	0	0 	1 	0.263571 	530.000000	14	40	12	8	227	292.350000	7	0.400000	53	1	0	172	3 	4 	0 	0 	4	10	143	0.274405	0.316988	4	2	181	0	585	0.594743	0.606726	0	"TuneOdometry"	
1.407229	3	0 	0.224190 	11 	53	15	5	5	1	4	228	12	10	1	3	4	173	192	22.500000	0	6	7	897	1600	1	2	0	3	19	3.933224	0 	0.811741	0.015923	0	0 	1 	0.256785 	5.000000	15	39	21	8	227	532.480000	10	0.462970	66	1	0	165	3 	1 	1 	0 	4	11	115	0.274405	0.316988	4	2	181	0	585	0.594743	0.606726	0	"TuneOdometry"	
1.556046	2	0 	0.168733 	16 	48	15	5	5	1	4	228	12	10	1	3	1	180	201	15.000000	1	3	5	897	1600	1	2	0	2	24	3.933224	1 	0.806328	0.008060	1	0 	1 	0.250000 	229.000000	20	40	20	8	260	449.520000	7	0.309749	54	1	0	144	3 	2 	2 	0 	4	12	143	0.274405	0.316988	4	2	181	0	585	0.594743	0.606726	0	"TuneOdometry"	
1.353900	1	0 	0.224218 	11 	49	15	5	8	1	4	228	12	10	1	3	4	173	173	30.000000	0	3	5	897	1600	1	2	0	3	24	4.307005	0 	0.812198	0.012958	0	2 	0 	0.250000 	190.000000	16	39	14	8	248	366.900000	10	0.385233	55	1	0	165	3 	4 	0 	0 	4	9	115	0.274405	0.316988	4	2	181	0	585	0.594743	0.606726	0	"TuneOdometry"	
1.407801	1	6 	0.248436 	19 	61	15	8	5	1	4	228	12	10	1	3	4	173	182	23.938984	0	3	7	897	1600	1	3	0	2	22	4.595227	0 	0.811741	0.013673	2	0 	0 	0.221734 	541.000000	14	31	11	8	226	480.390000	10	0.400000	53	1	0	136	3 	4 	0 	0 	4	10	144	0.274405	0.316988	4	2	181	0	585	0.594743	0.606726	0	"TuneOdometry"	
1.662131	1	0 	0.244785 	16 	48	15	5	5	1	4	228	12	10	1	3	2	167	192	15.000000	0	5	7	868	1600	1	1	0	2	24	4.156417	1 	0.812426	0.012958	1	0 	0 	0.254768 	105.500000	15	40	22	8	224	637.840000	5	0.496246	53	1	0	188	3 	3 	0 	0 	4	10	143	0.274405	0.316988	4	2	181	0	585	0.594743	0.606726	0	"TuneOdometry"	
1.300000	1	6 	0.248436 	14 	46	15	8	5	1	4	228	12	10	1	3	2	180	188	30.000000	0	4	7	897	1600	1	3	0	2	24	3.933224	1 	0.811741	0.011222	0	0 	0 	0.250000 	531.000000	15	31	24	8	222	597.610000	7	0.404752	54	1	0	181	3 	4 	1 	1 	4	6	143	0.274405	0.316988	4	2	181	0	585	0.594743	0.606726	0	"TuneOdometry"	
1.428023	2	0 	0.190414 	17 	48	15	5	5	1	4	228	12	10	1	3	1	187	232	30.000000	1	3	5	897	1600	1	4	0	2	26	3.933224	1 	0.800000	0.008060	1	0 	1 	0.250000 	98.000000	16	40	20	8	260	472.730000	7	0.359626	54	1	0	115	3 	3 	2 	1 	4	12	143	0.274405	0.316988	4	2	181	0	585	0.594743	0.606726	0	"TuneOdometry"	
1.300000	1	0 	0.278485 	16 	64	15	5	5	1	4	228	12	10	1	3	5	173	190	30.000000	0	3	7	897	1600	1	2	0	3	26	5.029594	0 	0.812198	0.012958	2	0 	0 	0.262198 	600.000000	15	41	16	8	280	544.400000	7	0.392617	55	1	0	163	3 	4 	0 	1 	4	10	115	0.274405	0.316988	4	2	181	0	585	0.594743	0.606726	0	"TuneOdometry"	
1.353900	1	0 	0.236327 	11 	64	15	5	5	1	4	228	12	10	1	3	2	173	192	16.564205	0	4	7	897	1600	1	2	0	2	23	4.044821	0 	0.800000	0.013046	2	0 	1 	0.263571 	447.500000	14	38	14	8	227	500.670000	8	0.400000	53	1	0	168	3 	4 	0 	0 	4	10	115	0.274405	0.316988	4	2	181	0	585	0.594743	0.606726	0	"TuneOdometry"	
1.300000	1	6 	0.233930 	19 	61	15	5	5	1	4	228	12	10	1	3	1	187	182	26.969492	1	3	7	897	1600	1	3	0	2	26	3.933224	0 	0.805871	0.013673	3	3 	0 	0.250000 	520.000000	15	35	25	8	226	555.420000	10	0.409503	53	1	0	173	3 	4 	0 	0 	4	8	143	0.274405	0.316988	4	2	181	0	585	0.594743	0.606726	0	"TuneOdometry"	
1.605505	1	0 	0.224190 	16 	56	15	5	8	1	4	228	12	10	1	3	5	173	182	30.000000	0	3	6	897	1600	1	3	0	3	20	4.307005	1 	0.812198	0.013629	0	1 	0 	0.211279 	442.000000	14	40	22	8	225	188.250000	5	0.400000	53	1	0	147	3 	3 	0 	5 	4	10	109	0.274405	0.316988	4	2	181	0	585	0.594743	0.606726	0	"TuneOdometry"	
1.407801	1	0 	0.229405 	12 	58	15	5	8	1	4	228	12	10	1	3	4	173	182	28.146994	1	3	7	897	1600	1	3	0	2	22	4.307005	1 	0.811741	0.014971	0	1 	0 	0.200543 	191.000000	14	39	17	8	226	309.660000	10	0.400000	53	1	0	149	3 	3 	0 	5 	4	12	126	0.274405	0.316988	4	2	181	0	585	0.594743	0.606726	0	"TuneOdometry"	
1.407229	1	0 	0.302485 	20 	64	15	8	5	1	4	228	12	10	1	3	4	173	190	30.000000	0	5	7	715	1600	1	2	0	3	24	4.307005	0 	0.951576	0.015582	1	0 	0 	0.250000 	373.000000	18	41	16	8	264	494.600000	7	0.392617	55	1	0	164	3 	3 	0 	5 	4	10	115	0.274405	0.316988	4	2	181	0	585	0.594743	0.606726	0	"TuneOdometry"	
1.300000	1	0 	0.236313 	15 	50	15	8	7	1	4	228	12	10	1	3	4	173	192	15.000000	0	3	7	897	1600	1	3	0	2	22	4.044821	0 	0.812198	0.013651	0	3 	0 	0.242652 	252.500000	14	40	13	8	262	323.880000	8	0.405638	53	1	0	161	1 	4 	0 	5 	4	10	136	0.274405	0.316988	4	2	181	0	585	0.594743	0.606726	0	"TuneOdometry"	
1.380851	1	0 	0.224204 	15 	50	15	8	5	1	4	228	12	10	1	3	4	173	182	30.000000	0	3	7	897	1600	1	2	0	2	22	3.933224	0 	0.811741	0.014300	0	0 	1 	0.221734 	553.000000	14	39	16	8	227	493.000000	10	0.385233	43	1	0	158	3 	4 	0 	5 	4	11	144	0.274405	0.316988	4	2	181	0	585	0.594743	0.606726	0	"TuneOdometry"	
1.353900	1	6 	0.224218 	11 	64	15	5	5	1	4	228	12	10	1	3	4	173	188	30.000000	0	4	7	897	1600	1	3	0	2	23	4.264226	0 	0.800000	0.016361	1	0 	0 	0.235867 	136.500000	18	38	16	8	226	320.630000	10	0.392617	53	1	0	136	3 	4 	0 	0 	4	10	115	0.274405	0.316988	4	2	181	0	585	0.594743	0.606726	0	"TuneOdometry"	
1.407801	3	0 	0.248436 	17 	61	15	5	8	1	4	228	12	10	1	3	4	173	182	23.938984	0	3	7	897	1600	1	2	0	2	22	4.451116	0 	0.812198	0.012958	2	0 	1 	0.235867 	-1.000000	14	36	11	8	236	428.710000	10	0.396309	54	1	0	154	1 	3 	2 	1 	4	10	120	0.274405	0.316988	4	2	181	0	585	0.594743	0.606726	0	"TuneOdometry"	
1.353900	1	0 	0.278519 	11 	50	15	5	5	1	4	228	12	10	1	3	5	173	185	30.000000	0	3	8	897	1600	1	2	0	2	23	3.933224	0 	0.811741	0.013046	0	1 	1 	0.221734 	536.000000	14	40	17	8	249	545.810000	10	0.392617	53	1	0	158	3 	4 	0 	0 	4	10	144	0.274405	0.316988	4	2	181	0	585	0.594743	0.606726	0	"TuneOdometry"	
1.300000	1	0 	0.251344 	15 	57	15	5	5	1	4	228	12	10	1	3	5	173	190	30.000000	0	3	9	897	1600	1	2	0	3	26	5.029594	0 	0.812198	0.010189	1	0 	1 	0.262198 	575.000000	20	45	17	8	280	526.300000	8	0.388925	49	1	0	158	3 	4 	1 	5 	4	10	129	0.274405	0.316988	4	2	181	0	585	0.594743	0.606726	0	"TuneOdometry"	
1.605505	2	0 	0.224204 	15 	50	15	8	5	1	4	228	12	10	1	3	4	173	182	30.000000	0	3	6	897	1600	1	2	0	2	22	5.049515	1 	0.811970	0.013629	0	0 	0 	0.216506 	279.500000	12	38	22	8	226	537.340000	7	0.400000	53	1	0	114	1 	4 	0 	5 	4	10	126	0.274405	0.316988	4	2	181	0	585	0.594743	0.606726	0	"TuneOdometry"	
1.527245	1	6 	0.224190 	18 	53	15	5	8	1	4	228	12	10	1	3	5	173	182	30.000000	0	3	6	897	1600	1	3	0	2	21	4.307005	1 	0.811970	0.014300	0	1 	0 	0.216506 	313.500000	14	39	24	8	226	224.730000	7	0.485253	53	1	0	151	3 	3 	0 	5 	4	9	144	0.274405	0.316988	4	2	181	0	585	0.594743	0.606726	0	"TuneOdometry"	
1.300000	1	0 	0.315526 	19 	70	15	8	5	0	4	228	12	10	1	3	4	173	182	26.969492	0	3	7	897	1600	1	3	0	2	26	4.812411	0 	0.811741	0.012958	2	0 	0 	0.263938 	554.000000	15	36	13	8	291	494.060000	7	0.396309	54	1	0	149	3 	2 	0 	0 	4	10	115	0.274405	0.316988	4	2	181	0	585	0.594743	0.606726	0	"TuneOdometry"	
1.506653	1	6 	0.224190 	15 	50	15	8	8	1	4	228	12	10	1	3	4	167	182	30.000000	1	3	7	897	1600	1	3	0	2	17	3.933224	1 	0.811741	0.014300	0	1 	0 	0.228197 	143.000000	14	39	17	8	225	72.420000	10	0.429071	53	1	0	147	3 	3 	0 	2 	4	10	138	0.274405	0.316988	4	2	181	0	585	0.594743	0.606726	0	"TuneOdometry"	
1.407801	2	0 	0.263460 	15 	54	15	8	7	1	4	228	12	10	1	3	3	173	192	15.000000	0	3	7	897	1600	1	2	0	2	24	5.365430	0 	0.812198	0.012980	2	1 	1 	0.218198 	158.500000	14	40	17	8	227	73.750000	7	0.400000	54	1	0	214	3 	4 	0 	0 	4	11	143	0.274405	0.316988	4	2	181	0	585	0.594743	0.606726	0	"TuneOdometry"	
1.300000	1	0 	0.251344 	11 	64	15	5	5	1	4	228	12	10	1	3	5	173	221	30.000000	0	3	9	897	1600	1	2	1	3	28	5.029594	0 	0.812198	0.013341	1	0 	0 	0.262198 	3.000000	16	45	16	8	280	349.980000	6	0.388925	49	1	0	160	1 	3 	0 	1 	4	10	115	0.274405	0.316988	4	2	181	0	585	0.594743	0.606726	0	"TuneOdometry"	
1.407229	1	0 	0.224190 	16 	56	15	5	5	1	4	228	12	10	1	3	4	173	186	30.000000	0	3	7	897	1600	1	3	0	5	21	4.307005	0 	0.812198	0.012958	2	0 	0 	0.230639 	143.500000	15	40	19	8	236	117.720000	6	0.392617	55	1	0	163	3 	2 	0 	5 	4	10	112	0.274405	0.316988	4	2	181	0	585	0.594743	0.606726	0	"TuneOdometry"	
1.407801	2	0 	0.248436 	14 	50	15	8	5	1	4	228	12	10	1	3	3	173	187	30.000000	1	3	5	748	1600	1	2	0	2	22	4.248367	0 	0.811970	0.010787	0	0 	1 	0.263571 	527.000000	14	39	16	8	227	510.790000	10	0.400000	48	1	0	143	3 	4 	0 	0 	4	10	143	0.274405	0.316988	4	2	181	0	585	0.594743	0.606726	0	"TuneOdometry"	
1.394326	1	6 	0.224197 	15 	48	15	8	5	1	4	228	12	10	1	3	4	173	182	30.000000	0	3	7	897	1600	1	2	0	2	22	3.933224	0 	0.811741	0.014300	0	1 	1 	0.265920 	396.500000	14	49	13	8	226	561.840000	10	0.400000	53	1	0	158	3 	4 	0 	5 	4	11	144	0.274405	0.316988	4	2	181	0	585	0.594743	0.606726	0	"TuneOdometry"	
1.529925	1	0 	0.223565 	15 	50	15	8	5	1	4	228	12	10	1	3	4	173	225	30.000000	0	3	7	897	1600	1	2	0	2	22	3.933224	0 	0.811741	0.014300	2	0 	0 	0.221734 	100.000000	14	39	16	8	226	527.140000	10	0.392617	43	0	0	154	1 	4 	2 	5 	4	10	144	0.274405	0.316988	4	2	181	0	585	0.594743	0.606726	0	"TuneOdometry"	
1.300000	1	6 	0.224190 	15 	50	15	8	5	1	4	228	12	10	1	3	5	173	182	34.433124	1	4	7	897	1600	1	3	0	2	22	3.933224	0 	0.811741	0.014300	0	1 	0 	0.221734 	232.000000	14	39	23	8	226	463.500000	10	0.400000	61	1	0	151	1 	4 	0 	5 	4	10	144	0.274405	0.316988	4	2	181	0	585	0.594743	0.606726	0	"TuneOdometry"	
1.374408	1	6 	0.224190 	15 	50	15	5	8	1	4	228	12	10	1	3	4	173	182	30.000000	1	3	5	897	1600	1	3	0	3	24	4.307005	0 	0.953013	0.013629	0	1 	0 	0.182068 	321.500000	14	40	19	8	226	296.540000	10	0.343933	62	1	0	149	3 	3 	0 	5 	4	10	92	0.274405	0.316988	4	2	181	0	585	0.594743	0.606726	0	"TuneOdometry"	
1.300000	1	0 	0.248436 	14 	44	15	8	5	1	4	228	12	10	1	3	5	213	191	15.000000	0	4	7	897	1600	1	3	0	2	22	4.809761	0 	0.812198	0.013002	1	0 	1 	0.262884 	424.000000	14	40	12	8	227	794.030000	7	0.386365	54	1	0	167	3 	4 	0 	0 	4	10	111	0.274405	0.316988	4	2	181	0	585	0.594743	0.606726	0	"TuneOdometry"	
1.407801	1	0 	0.248436 	14 	44	15	8	7	1	4	228	12	10	1	3	2	173	192	15.000000	0	3	7	897	1600	1	2	0	2	22	4.156417	0 	0.812198	0.012761	0	0 	1 	0.211824 	466.000000	14	40	12	8	227	247.660000	7	0.400000	53	1	0	172	3 	4 	0 	0 	4	10	160	0.274405	0.316988	4	2	181	0	585	0.594743	0.606726	0	"TuneOdometry"	
1.407229	1	6 	0.297005 	17 	59	15	5	5	1	4	228	12	10	1	3	4	173	219	28.484746	0	3	6	920	1600	1	2	0	5	24	4.812411	0 	0.800000	0.012958	2	0 	0 	0.263938 	508.000000	16	41	16	8	248	655.130000	7	0.394463	54	1	0	149	3 	2 	0 	4 	4	10	115	0.274405	0.316988	4	2	181	0	585	0.594743	0.606726	0	"TuneOdometry"	
1.474852	1	0 	0.224190 	16 	56	15	5	8	1	4	228	12	10	1	3	5	173	182	30.000000	0	3	6	959	1600	1	3	0	3	20	4.307005	1 	0.812198	0.013629	0	1 	1 	0.183238 	194.500000	14	40	22	8	225	259.960000	5	0.400000	53	1	0	147	3 	3 	0 	5 	4	10	109	0.274405	0.316988	4	2	181	0	585	0.594743	0.606726	0	"TuneOdometry"	
1.300000	1	0 	0.224190 	15 	53	15	8	5	1	4	228	12	10	1	3	4	173	186	27.360791	1	3	7	897	1600	1	2	0	2	24	4.481409	0 	0.811970	0.015172	1	1 	1 	0.262198 	580.500000	17	39	17	8	280	589.810000	9	0.394463	53	1	0	151	3 	4 	0 	5 	4	10	127	0.274405	0.316988	4	2	181	0	585	0.594743	0.606726	0	"TuneOdometry"	
1.506653	1	0 	0.236313 	16 	50	15	8	7	1	4	228	12	10	1	3	3	134	187	24.914185	0	3	6	897	1600	1	2	0	2	20	5.158841	1 	0.812198	0.011539	0	0 	1 	0.211552 	42.000000	14	40	12	8	225	207.250000	3	0.400000	53	0	0	159	1 	3 	0 	0 	4	10	112	0.274405	0.316988	4	2	181	0	585	0.594743	0.606726	0	"TuneOdometry"	
1.506767	1	6 	0.278485 	16 	64	15	8	5	1	4	228	12	10	1	3	4	173	190	30.000000	0	4	7	720	1600	1	1	0	2	22	3.933224	0 	0.812198	0.013629	0	0 	0 	0.235867 	5.000000	15	39	16	8	237	192.900000	8	0.396309	53	1	0	152	3 	4 	0 	1 	4	10	144	0.274405	0.316988	4	2	181	0	585	0.594743	0.606726	0	"TuneOdometry"	
1.300000	1	0 	0.251344 	15 	67	15	5	8	1	4	228	12	10	1	3	5	164	190	30.000000	0	3	9	897	1600	1	2	0	3	25	5.029594	0 	0.800000	0.010466	1	0 	0 	0.262198 	172.500000	15	45	16	8	287	183.780000	8	0.388925	52	1	0	160	3 	4 	1 	5 	4	10	129	0.274405	0.316988	4	2	181	0	585	0.594743	0.606726	0	"TuneOdometry"	
1.300000	1	0 	0.251344 	17 	53	15	8	5	0	4	228	12	10	1	3	3	173	190	28.484746	0	3	8	814	1600	1	3	0	5	26	4.921003	0 	0.812198	0.010189	3	0 	0 	0.266829 	251.500000	24	36	17	8	291	541.930000	7	0.388925	51	1	0	158	1 	4 	1 	0 	4	13	129	0.274405	0.316988	4	2	181	0	585	0.594743	0.606726	0	"TuneOdometry"	
1.300000	1	0 	0.248436 	18 	44	15	8	7	1	4	228	12	10	1	3	2	173	221	15.000000	0	3	7	897	1600	1	2	0	2	22	4.156417	0 	0.812198	0.014504	0	0 	1 	0.211824 	498.000000	14	40	12	8	227	326.030000	7	0.418810	45	1	0	172	3 	4 	0 	0 	4	10	110	0.274405	0.316988	4	2	181	0	585	0.594743	0.606726	0	"TuneOdometry"	
1.485109	1	0 	0.278485 	18 	50	15	8	5	1	4	228	12	10	1	3	4	213	182	30.000000	1	3	7	897	1600	1	3	0	3	26	3.933224	0 	0.800000	0.016037	0	1 	0 	0.243119 	463.500000	12	32	16	8	280	488.210000	7	0.392617	54	1	0	151	3 	4 	0 	0 	4	10	144	0.274405	0.316988	4	2	181	0	585	0.594743	0.606726	0	"TuneOdometry"	
1.300000	1	0 	0.281981 	14 	57	15	5	5	0	4	228	12	10	1	3	2	173	176	20.984746	0	4	7	1102	1600	1	4	0	2	26	4.812411	0 	0.811970	0.013002	1	2 	1 	0.263755 	406.500000	15	38	12	8	227	458.580000	7	0.400000	63	0	0	160	3 	4 	0 	0 	4	10	129	0.274405	0.316988	4	2	181	0	585	0.594743	0.606726	0	"TuneOdometry"	
1.353900	1	0 	0.248436 	16 	44	15	8	5	0	4	228	12	10	1	3	2	173	206	15.000000	0	3	7	963	1600	1	2	0	2	22	4.156417	0 	0.812198	0.012761	0	0 	1 	0.211824 	447.000000	14	40	11	8	227	479.960000	8	0.418810	53	1	0	172	3 	4 	0 	5 	4	10	160	0.274405	0.316988	4	2	181	0	585	0.594743	0.606726	0	"TuneOdometry"	
1.407801	2	0 	0.192432 	14 	44	15	5	7	1	4	228	12	10	1	3	2	173	206	15.807871	0	3	7	897	1600	1	2	0	2	22	4.156417	0 	0.812198	0.014504	1	0 	1 	0.175085 	347.000000	14	40	11	8	227	415.550000	7	0.418810	53	1	0	172	3 	4 	0 	0 	4	10	99	0.274405	0.316988	4	2	181	0	585	0.594743	0.606726	0	"TuneOdometry"	
1.376744	1	0 	0.251344 	14 	49	15	5	7	1	4	228	12	10	1	3	2	173	166	15.000000	0	3	10	897	1600	1	2	0	2	24	4.593006	0 	0.812198	0.010701	2	0 	1 	0.256937 	185.000000	20	37	17	8	271	300.050000	7	0.388925	40	1	0	172	3 	4 	0 	5 	4	10	124	0.274405	0.316988	4	2	181	0	585	0.594743	0.606726	0	"TuneOdometry"	
1.407801	1	6 	0.297665 	15 	57	15	8	5	1	4	228	12	10	1	3	3	173	190	30.000000	0	3	7	897	1600	1	2	0	2	22	3.933224	1 	0.800000	0.012958	0	1 	0 	0.292553 	151.000000	18	40	16	8	226	481.800000	5	0.392617	53	1	0	151	3 	3 	2 	5 	4	10	144	0.274405	0.316988	4	2	181	0	585	0.594743	0.606726	0	"TuneOdometry"	
1.540721	1	0 	0.251344 	16 	57	15	5	5	1	4	228	12	10	1	3	4	173	165	30.000000	0	3	9	897	1600	1	2	0	3	24	5.029594	0 	0.812198	0.009753	0	0 	0 	0.262198 	275.000000	20	43	16	8	215	421.980000	7	0.388925	52	1	0	156	3 	3 	1 	5 	4	10	135	0.274405	0.316988	4	2	181	0	585	0.594743	0.606726	0	"TuneOdometry"	
1.300000	1	0 	0.198053 	18 	44	15	8	7	1	4	228	12	10	1	3	2	168	237	17.088913	1	3	9	743	1600	1	2	0	2	22	4.156417	0 	0.812198	0.014504	0	2 	1 	0.211824 	180.500000	14	40	12	8	227	334.970000	7	0.418810	45	1	0	172	1 	4 	0 	5 	4	10	116	0.274405	0.316988	4	2	181	0	585	0.594743	0.606726	0	"TuneOdometry"	
1.300000	1	6 	0.224190 	16 	64	15	8	5	1	4	228	12	10	1	3	5	173	190	30.000000	1	3	7	897	1600	1	2	0	2	22	4.240231	0 	0.811970	0.011674	0	1 	0 	0.250000 	585.500000	16	39	16	8	237	435.350000	10	0.485767	54	1	0	154	3 	4 	0 	5 	4	10	115	0.274405	0.316988	4	2	181	0	585	0.594743	0.606726	0	"TuneOdometry"	
1.332531	1	0 	0.278485 	15 	57	15	8	5	1	4	228	12	10	1	3	2	173	186	30.000000	0	3	7	897	1600	1	4	0	2	17	4.307005	0 	0.811741	0.012958	0	0 	0 	0.250000 	274.500000	16	41	16	8	248	463.310000	7	0.392617	55	1	0	152	1 	3 	0 	1 	4	14	129	0.274405	0.316988	4	2	181	0	585	0.594743	0.606726	0	"TuneOdometry"	
1.300000	1	0 	0.212095 	15 	55	15	5	5	1	4	228	12	10	1	3	2	158	155	5	30.000000	29	12	10	0	4	10	897	1600	1	3	0	3	21	3.453919	1 	0.800000	0.018011	0	2 	0 	0.252709 	12.000000	14	31	16	8	192	1085.840000	6	0.417558	60	1	0	159	3 	4 	0 	1 	4	10	144	0.274405	0.316988	4	2	181	0	585	0.594743	0.606726	0	"TuneOdometry"	
1.495590	1	0 	0.255749 	15 	50	15	5	7	1	4	228	12	10	1	3	2	158	162	5	30.000000	25	16	8	0	3	8	875	1600	1	3	0	3	21	2.974614	1 	0.800000	0.013853	0	0 	0 	0.284020 	23.000000	12	36	21	8	189	722.020000	6	0.417558	45	1	0	159	3 	4 	0 	1 	4	10	142	0.274405	0.316988	4	2	181	0	585	0.594743	0.606726	0	"TuneOdometry"	
1.300000	1	0 	0.212095 	15 	55	15	5	8	0	4	228	12	10	1	3	2	158	155	4	30.000000	25	11	10	0	5	8	897	1600	1	3	0	3	25	3.933224	1 	0.800000	0.013714	0	0 	0 	0.252709 	15.000000	14	31	21	8	195	1064.920000	6	0.417558	54	1	0	159	3 	4 	0 	1 	4	10	144	0.274405	0.316988	4	2	181	0	585	0.594743	0.606726	0	"TuneOdometry"	
1.495590	1	0 	0.255749 	15 	50	15	5	5	1	4	228	12	10	1	3	2	158	162	4	30.000000	27	10	7	0	3	10	897	1600	1	3	0	3	15	2.974614	1 	0.800000	0.015699	0	2 	0 	0.252709 	15.000000	10	28	21	8	189	708.910000	7	0.417558	60	1	0	159	3 	4 	0 	1 	4	10	142	0.274405	0.316988	4	2	181	0	585	0.594743	0.606726	0	"TuneOdometry"	
1.399672	1	0 	0.274612 	15 	50	15	5	5	1	4	228	12	10	1	3	2	158	172	6	30.000000	27	12	5	0	3	10	897	1600	1	3	0	3	18	2.331086	1 	0.800000	0.015699	0	2 	0 	0.252709 	15.000000	10	36	22	8	183	771.490000	6	0.417558	50	1	0	159	3 	3 	0 	1 	4	8	142	0.274405	0.316988	4	2	181	0	585	0.594743	0.606726	0	"TuneOdometry"	
1.300000	1	0 	0.212095 	15 	50	15	5	8	0	4	228	12	10	1	3	1	158	162	4	30.000000	25	16	13	0	4	8	897	1600	1	3	0	3	25	3.453919	1 	0.800000	0.013853	0	1 	0 	0.284020 	11.000000	13	25	21	8	192	781.710000	6	0.417558	45	0	0	159	3 	4 	0 	1 	4	10	144	0.274405	0.316988	4	2	181	0	585	0.594743	0.606726	0	"TuneOdometry"	
1.300000	1	0 	0.228773 	15 	50	15	5	8	1	4	228	12	10	1	3	2	138	162	6	30.000000	25	12	7	0	3	9	897	1600	1	3	0	3	22	2.969979	1 	0.800000	0.013714	0	4 	0 	0.252709 	8.000000	10	36	21	8	190	1073.600000	6	0.417558	50	1	0	159	1 	4 	0 	1 	4	10	144	0.274405	0.316988	4	2	181	0	585	0.594743	0.606726	0	"TuneOdometry"	
1.495590	1	0 	0.255749 	15 	62	15	8	5	1	4	228	12	10	1	3	2	158	162	6	30.000000	27	10	7	0	3	10	897	1600	1	4	0	3	15	2.974614	1 	0.960537	0.015699	0	1 	0 	0.274405 	17.500000	10	32	21	8	189	741.070000	7	0.417558	60	1	0	159	3 	4 	0 	1 	4	10	142	0.274405	0.316988	4	2	181	0	585	0.594743	0.606726	0	"TuneOdometry"	
1.495590	1	0 	0.255749 	15 	50	15	5	5	0	4	228	12	10	1	3	2	158	162	6	30.000000	27	16	7	0	3	10	897	1600	1	3	0	3	18	2.974614	1 	0.800000	0.015699	0	0 	0 	0.252709 	30.000000	10	40	21	8	189	811.140000	6	0.417558	60	1	0	159	3 	4 	0 	1 	4	10	142	0.274405	0.316988	4	2	181	0	585	0.594743	0.606726	0	"TuneOdometry"	
1.300000	1	6 	0.255749 	15 	55	15	5	8	1	4	228	12	10	1	3	2	158	155	5	30.000000	26	12	10	0	3	10	897	1600	1	4	0	4	21	3.453919	1 	0.800000	0.013714	0	0 	0 	0.252709 	24.000000	14	33	21	8	195	1275.500000	9	0.507157	54	1	0	159	3 	4 	0 	1 	4	10	167	0.274405	0.316988	4	2	181	0	585	0.594743	0.606726	0	"TuneOdometry"	
1.300000	1	0 	0.255749 	20 	52	15	5	5	1	4	228	12	10	1	3	3	158	158	4	30.000000	25	12	7	0	3	10	672	1600	1	3	0	3	15	4.329008	1 	0.800000	0.013714	2	0 	0 	0.252709 	12.000000	12	33	18	8	189	579.370000	6	0.417558	57	1	0	168	3 	4 	0 	1 	4	10	167	0.274405	0.316988	4	2	181	0	585	0.594743	0.606726	0	"TuneOdometry"	
1.300000	2	0 	0.212095 	15 	52	15	5	8	0	4	228	12	10	1	3	2	158	155	4	30.000000	25	13	10	0	3	8	897	1600	1	3	0	3	25	3.453919	1 	0.800000	0.016887	0	0 	1 	0.268365 	14.000000	16	35	21	8	195	1434.820000	6	0.417558	54	0	0	159	3 	4 	0 	1 	4	10	144	0.274405	0.316988	4	2	181	0	585	0.594743	0.606726	0	"TuneOdometry"	
1.397795	1	0 	0.255749 	15 	55	15	5	8	0	4	228	12	10	1	3	2	158	155	4	30.000000	26	12	8	0	3	10	897	1600	1	3	0	3	15	3.169882	1 	0.800000	0.015699	0	2 	0 	0.252709 	15.000000	10	33	21	8	189	1040.870000	9	0.417558	60	1	0	159	3 	4 	0 	1 	4	10	167	0.274405	0.316988	4	2	181	0	585	0.594743	0.606726	0	"TuneOdometry"	
1.399672	2	0 	0.293250 	15 	50	15	5	5	1	4	228	12	10	1	3	2	187	138	6	30.000000	27	12	6	0	3	7	897	1600	1	3	0	3	15	2.974614	1 	0.800000	0.015699	0	2 	0 	0.252709 	4.000000	10	28	22	8	189	1381.830000	7	0.417558	50	1	0	159	1 	4 	0 	1 	4	8	142	0.274405	0.316988	4	2	181	0	585	0.594743	0.606726	0	"TuneOdometry"	
1.300000	1	0 	0.255749 	15 	55	15	5	8	1	4	228	12	10	1	3	2	158	125	4	30.000000	27	11	7	0	5	9	1050	1600	1	3	0	3	21	3.933224	0 	0.800000	0.014086	0	0 	0 	0.252709 	11.000000	14	33	21	8	189	875.330000	6	0.417558	55	1	0	159	3 	3 	0 	1 	4	10	144	0.274405	0.316988	4	2	181	0	585	0.594743	0.606726	0	"TuneOdometry"	
1.495590	1	0 	0.255749 	15 	64	15	5	7	1	4	228	12	10	1	3	2	158	193	4	30.000000	27	13	7	0	3	9	897	1600	1	3	0	3	15	3.016542	1 	0.934212	0.013853	0	2 	0 	0.284020 	15.000000	11	32	21	8	196	711.830000	6	0.417558	52	1	0	159	3 	4 	0 	1 	4	10	142	0.274405	0.316988	4	2	181	0	585	0.594743	0.606726	0	"TuneOdometry"	
1.300000	1	0 	0.233922 	13 	52	15	5	8	0	4	228	12	10	1	3	3	158	155	3	26.420874	25	11	10	0	3	9	897	1600	1	3	0	2	25	2.812370	1 	0.800000	0.012856	0	0 	0 	0.252709 	15.000000	14	33	21	8	195	1225.030000	7	0.511804	54	1	0	194	3 	4 	0 	1 	4	10	167	0.274405	0.316988	4	2	181	0	585	0.594743	0.606726	0	"TuneOdometry"	
1.300000	2	0 	0.233922 	15 	52	15	5	8	1	4	228	12	10	1	3	2	158	158	6	30.000000	25	11	7	0	3	8	875	1600	1	4	1	3	23	3.933224	0 	0.800000	0.013714	0	1 	0 	0.284020 	11.000000	14	27	23	8	195	982.620000	6	0.417558	49	1	0	159	3 	4 	0 	1 	4	10	144	0.274405	0.316988	4	2	181	0	585	0.594743	0.606726	0	"TuneOdometry"	
1.495590	1	0 	0.255749 	15 	50	15	5	5	1	4	228	12	10	1	3	2	158	162	5	30.000000	28	10	7	0	3	10	897	1600	1	3	0	3	15	3.429285	1 	0.800000	0.015699	1	0 	0 	0.252709 	52.500000	10	40	17	8	189	785.330000	8	0.463345	60	1	0	159	3 	4 	0 	1 	4	10	142	0.274405	0.316988	4	2	181	0	585	0.594743	0.606726	0	"TuneOdometry"	
1.300000	1	6 	0.255749 	16 	59	15	5	8	1	4	228	12	10	1	3	2	127	154	4	31.046862	33	13	8	0	5	9	897	1600	1	3	0	3	18	3.235231	1 	0.800000	0.013853	0	1 	0 	0.268365 	14.000000	14	32	21	8	195	685.630000	10	0.462357	54	1	0	159	3 	4 	0 	1 	4	10	142	0.274405	0.316988	4	2	181	0	585	0.594743	0.606726	0	"TuneOdometry"	
1.648955	1	0 	0.255749 	15 	50	15	5	5	1	4	228	12	10	1	3	2	158	162	5	30.000000	23	16	7	0	3	8	875	1600	1	3	0	3	16	3.198332	1 	0.800000	0.015699	0	0 	0 	0.284020 	31.000000	10	40	21	8	193	649.470000	5	0.463345	38	1	0	159	3 	4 	0 	5 	4	14	142	0.274405	0.316988	4	2	181	0	585	0.594743	0.606726	0	"TuneOdometry"	
1.495590	1	0 	0.193813 	15 	56	15	8	5	1	4	228	12	10	1	3	2	183	162	5	30.000000	33	10	7	0	3	10	897	1600	1	4	0	2	15	3.201950	1 	0.960537	0.015202	1	1 	0 	0.274405 	23.000000	10	36	17	8	152	1097.440000	8	0.463345	60	1	0	159	3 	4 	0 	1 	4	10	142	0.274405	0.316988	4	2	181	0	585	0.594743	0.606726	0	"TuneOdometry"	
1.495590	1	0 	0.255749 	11 	50	15	5	5	1	4	228	12	10	1	3	2	158	162	5	30.000000	25	16	7	1	3	10	886	1600	1	3	0	3	18	2.974614	1 	0.800000	0.015699	0	0 	0 	0.319514 	18.000000	10	36	21	8	189	727.860000	6	0.417558	52	1	0	159	3 	3 	0 	1 	4	12	142	0.274405	0.316988	4	2	181	0	585	0.594743	0.606726	0	"TuneOdometry"	
1.715325	3	0 	0.255749 	15 	62	15	8	5	0	4	228	12	10	1	3	2	158	191	6	30.000000	27	13	7	0	3	10	682	1600	1	4	0	5	15	2.974614	1 	0.999000	0.015699	0	1 	0 	0.252709 	18.000000	10	36	21	8	189	608.530000	6	0.417558	60	1	0	146	3 	4 	0 	1 	4	14	142	0.274405	0.316988	4	2	181	0	585	0.594743	0.606726	0	"TuneOdometry"	
1.682140	2	6 	0.198439 	15 	62	15	5	5	0	4	228	12	10	1	3	2	158	191	5	30.000000	27	14	7	0	3	7	682	1600	1	3	0	4	15	2.597179	1 	0.899500	0.015699	0	1 	0 	0.252709 	18.000000	13	36	21	8	206	543.350000	6	0.463345	60	1	0	140	3 	3 	0 	1 	4	14	142	0.274405	0.316988	4	2	181	0	585	0.594743	0.606726	0	"TuneOdometry"	
1.715325	3	0 	0.255749 	15 	62	15	8	5	0	4	228	12	10	1	3	2	158	191	6	30.000000	27	13	7	0	3	10	682	1600	1	4	1	5	15	2.974614	1 	0.999000	0.015699	0	1 	0 	0.261630 	18.000000	10	36	21	8	189	430.670000	6	0.417558	74	1	0	146	3 	4 	0 	1 	4	14	142	0.274405	0.316988	4	2	181	0	585	0.594743	0.606726	0	"TuneOdometry"	
1.495590	1	0 	0.233922 	15 	52	15	5	5	0	4	228	12	10	1	3	4	158	155	4	24.073444	25	11	6	0	3	10	897	1600	1	3	0	3	21	3.933224	1 	0.800000	0.013714	0	0 	0 	0.252709 	26.500000	13	44	21	8	189	1106.360000	9	0.417558	55	1	0	159	3 	4 	0 	1 	4	10	144	0.274405	0.316988	4	2	181	0	585	0.594743	0.606726	0	"TuneOdometry"	
1.406214	1	0 	0.255749 	15 	50	15	5	5	1	4	228	12	10	1	3	2	158	162	5	34.013234	27	17	7	1	3	8	886	1600	1	3	0	3	17	3.086473	1 	0.800000	0.013385	0	2 	0 	0.268365 	41.500000	10	34	21	8	191	843.720000	8	0.417558	49	1	0	159	3 	4 	0 	0 	4	7	142	0.274405	0.316988	4	2	181	0	585	0.594743	0.606726	0	"TuneOdometry"	
1.495590	1	0 	0.255749 	13 	50	15	5	5	1	4	228	12	10	1	3	2	158	150	5	30.000000	26	10	7	0	3	10	897	1600	1	4	0	3	21	3.201950	1 	0.800000	0.015699	0	0 	0 	0.268365 	21.000000	11	38	18	8	189	749.900000	8	0.442858	54	1	0	159	3 	4 	0 	4 	4	10	142	0.274405	0.316988	4	2	181	0	585	0.594743	0.606726	0	"TuneOdometry"	
1.588865	1	0 	0.227094 	15 	62	15	5	7	0	4	228	12	10	1	3	2	158	203	7	24.860811	27	15	7	1	3	7	772	1600	1	3	0	3	18	2.597179	1 	0.800000	0.015699	0	0 	1 	0.252709 	21.000000	13	35	28	8	189	492.490000	9	0.463345	60	1	0	176	3 	3 	0 	1 	4	12	142	0.274405	0.316988	4	2	181	0	585	0.594743	0.606726	0	"TuneOdometry"	
1.300000	3	0 	0.202011 	17 	62	15	5	5	0	4	228	12	10	1	3	2	137	162	5	37.281717	27	14	7	0	3	8	682	1600	1	4	1	4	11	3.030543	1 	0.999000	0.015699	2	5 	0 	0.268365 	12.000000	10	36	21	8	191	818.120000	6	0.417558	74	1	0	159	1 	4 	0 	1 	4	10	142	0.274405	0.316988	4	2	181	0	585	0.594743	0.606726	0	"TuneOdometry"	
1.495590	2	0 	0.253589 	13 	50	15	5	7	0	4	228	12	10	1	3	2	158	162	5	32.006617	28	16	7	0	3	8	875	1600	1	3	0	3	21	2.974614	1 	0.800000	0.013619	0	0 	0 	0.268365 	18.000000	11	34	21	8	190	920.540000	7	0.417558	49	1	0	159	3 	3 	0 	1 	4	8	142	0.274405	0.316988	4	2	181	0	585	0.594743	0.606726	0	"TuneOdometry"	
1.605457	2	0 	0.255749 	15 	60	15	8	5	0	4	228	12	10	1	3	2	169	191	6	30.000000	28	13	7	0	3	10	789	1600	1	2	0	4	15	2.974614	1 	0.800000	0.015699	0	2 	0 	0.261630 	20.000000	10	36	21	8	189	787.360000	6	0.436930	61	1	0	146	3 	4 	0 	5 	4	14	151	0.274405	0.316988	4	2	181	0	585	0.594743	0.606726	0	"TuneOdometry"	
1.646969	1	0 	0.264893 	15 	50	15	5	5	0	4	228	12	10	1	3	2	133	162	5	30.000000	23	16	7	0	3	8	897	1600	1	3	1	4	17	3.086473	1 	0.800000	0.015699	0	0 	0 	0.319542 	0.000000	7	40	21	8	193	0.300000	5	0.555538	60	1	0	159	3 	4 	0 	5 	4	10	142	0.274405	0.316988	4	2	181	0	585	0.594743	0.606726	0	"TuneOdometry"	
1.715325	2	0 	0.255749 	13 	62	15	5	5	0	4	228	12	10	1	3	2	158	162	5	32.006617	35	13	7	1	3	10	886	1600	1	3	0	5	15	3.086473	1 	0.885492	0.013385	0	1 	1 	0.264997 	14.000000	10	35	21	8	191	661.820000	8	0.417558	61	1	0	152	3 	4 	0 	4 	4	14	142	0.274405	0.316988	4	2	181	0	585	0.594743	0.606726	0	"TuneOdometry"	
1.495590	2	0 	0.255749 	14 	56	15	5	5	0	4	228	12	10	1	3	2	158	142	5	35.931704	28	10	7	0	3	10	897	1600	1	4	0	3	19	2.707459	1 	0.999000	0.017730	0	1 	0 	0.257169 	16.000000	10	36	17	8	219	1336.190000	8	0.521920	67	1	0	146	3 	4 	0 	4 	4	12	119	0.274405	0.316988	4	2	181	0	585	0.594743	0.606726	0	"TuneOdometry"	
1.495590	1	0 	0.224528 	15 	50	15	5	5	0	4	228	12	10	1	3	2	158	162	6	30.000000	27	14	7	0	3	10	897	1600	1	3	0	3	18	2.974614	0 	0.800000	0.015699	0	0 	0 	0.273568 	24.000000	10	27	21	8	189	567.950000	6	0.417558	60	1	0	159	3 	3 	0 	5 	4	13	142	0.274405	0.316988	4	2	181	0	585	0.594743	0.606726	0	"TuneOdometry"	
1.588865	1	0 	0.227094 	15 	50	15	5	8	0	4	228	12	10	1	3	2	158	182	5	24.860811	21	16	7	0	3	7	772	1600	1	2	0	3	18	3.198332	1 	0.800000	0.015699	0	0 	0 	0.240073 	14.000000	10	35	21	8	208	495.390000	7	0.463345	49	1	0	167	3 	3 	0 	1 	4	12	142	0.274405	0.316988	4	2	181	0	585	0.594743	0.606726	0	"TuneOdometry"	
1.495590	1	0 	0.255749 	15 	50	15	5	5	0	4	228	12	10	1	3	1	158	162	6	34.634283	27	22	7	0	4	10	897	1600	1	3	0	3	18	2.974614	1 	0.800000	0.015699	0	0 	0 	0.252709 	17.000000	10	40	21	8	189	414.330000	6	0.417558	60	1	0	159	3 	4 	0 	5 	4	8	142	0.274405	0.316988	4	2	181	0	585	0.594743	0.606726	0	"TuneOdometry"	
1.495590	1	6 	0.255749 	15 	37	15	5	7	1	4	228	12	10	1	3	2	158	162	5	30.000000	25	16	8	0	3	8	875	1600	1	3	0	3	21	2.974614	1 	0.800000	0.013853	0	0 	0 	0.284020 	17.500000	11	36	21	8	189	585.380000	6	0.417558	45	1	0	159	3 	4 	0 	1 	4	10	178	0.274405	0.316988	4	2	181	0	585	0.594743	0.606726	0	"TuneOdometry"	
1.406214	2	0 	0.255749 	15 	52	15	5	5	1	4	228	12	10	1	3	2	132	162	5	30.000000	27	16	10	0	3	10	897	1600	1	3	0	3	18	2.974614	1 	0.800000	0.013385	0	0 	0 	0.252709 	20.000000	9	34	21	8	190	812.190000	6	0.417558	54	1	0	159	3 	3 	0 	0 	4	7	142	0.274405	0.316988	4	2	181	0	585	0.594743	0.606726	0	"TuneOdometry"	
1.495590	1	0 	0.202202 	15 	55	15	8	5	0	4	228	12	10	1	3	2	158	162	5	30.000000	28	12	5	0	3	10	897	1600	1	3	0	3	18	3.201950	0 	0.800000	0.015699	1	0 	0 	0.275871 	10.000000	10	33	27	8	189	704.960000	7	0.440451	60	1	0	159	3 	4 	0 	1 	4	11	157	0.274405	0.316988	4	2	181	0	585	0.594743	0.606726	0	"TuneOdometry"	
1.605457	2	0 	0.255749 	15 	62	15	8	5	0	4	228	12	10	1	3	2	158	187	6	30.000000	27	10	7	0	3	10	789	1600	1	4	0	3	15	2.974614	1 	0.812297	0.015699	0	0 	0 	0.261630 	17.000000	10	36	19	8	189	923.490000	8	0.417558	60	1	0	113	3 	4 	0 	2 	4	10	142	0.274405	0.316988	4	2	181	0	585	0.594743	0.606726	0	"TuneOdometry"	
1.605457	1	0 	0.248650 	15 	54	15	5	5	0	4	228	12	10	1	3	2	158	176	9	33.186540	27	18	7	0	3	7	897	1600	1	4	0	4	18	2.974614	0 	0.800000	0.018692	0	1 	0 	0.273568 	656.500000	10	31	21	8	189	597.100000	6	0.442082	74	1	0	151	3 	3 	0 	5 	4	13	142	0.274405	0.316988	4	2	181	0	585	0.594743	0.606726	0	"TuneOdometry"	
1.495590	1	0 	0.255749 	15 	50	15	5	5	0	4	228	12	10	1	3	2	199	162	6	36.825244	26	13	7	0	3	10	897	1600	1	3	0	3	16	2.974614	1 	0.800000	0.015699	0	0 	1 	0.252561 	50.000000	10	40	17	8	189	877.650000	4	0.508980	60	1	0	159	3 	4 	0 	1 	4	10	142	0.274405	0.316988	4	2	181	0	585	0.594743	0.606726	0	"TuneOdometry"	
1.495590	1	0 	0.192522 	15 	56	15	5	7	1	4	228	12	10	1	3	4	158	182	7	27.430405	27	15	7	0	3	10	772	1600	1	3	0	3	18	2.974614	0 	0.800000	0.015699	0	0 	0 	0.263138 	18.000000	13	27	24	8	189	706.680000	9	0.417558	60	1	0	167	3 	3 	0 	5 	4	13	142	0.274405	0.316988	4	2	181	0	585	0.594743	0.606726	0	"TuneOdometry"	
1.495590	1	0 	0.254655 	15 	50	15	5	5	1	4	228	12	10	1	3	1	158	162	6	30.000000	27	12	7	0	3	10	744	1600	1	3	1	3	16	3.429285	1 	0.815606	0.015699	0	0 	0 	0.252709 	4.000000	10	32	21	8	189	292.100000	9	0.463345	60	1	0	159	3 	4 	0 	1 	4	10	142	0.274405	0.316988	4	2	181	0	585	0.594743	0.606726	0	"TuneOdometry"	
1.638517	1	0 	0.255749 	15 	50	15	5	5	0	4	228	12	10	1	3	2	158	162	6	28.212120	27	12	7	0	3	10	897	1600	1	3	0	3	18	2.318251	1 	0.800000	0.016927	0	0 	0 	0.252709 	35.500000	10	38	21	8	189	784.390000	6	0.417558	60	1	0	159	1 	4 	0 	1 	4	10	146	0.274405	0.316988	4	2	181	0	585	0.594743	0.606726	0	"TuneOdometry"	
1.450902	1	0 	0.255749 	15 	50	15	5	5	1	4	228	12	10	1	3	2	158	162	6	32.006617	27	17	7	1	3	7	1074	1600	1	3	1	3	17	2.974614	1 	0.800000	0.015699	0	2 	0 	0.252709 	4.000000	14	34	20	8	189	493.680000	6	0.417558	60	1	0	159	3 	4 	0 	0 	4	12	142	0.274405	0.316988	4	2	181	0	585	0.594743	0.606726	0	"TuneOdometry"	
1.495590	2	0 	0.255749 	15 	50	15	5	5	0	4	228	12	10	1	3	2	158	162	6	30.000000	27	15	7	0	3	10	981	1600	1	3	0	3	18	2.974614	1 	0.800000	0.015699	0	2 	0 	0.252709 	24.000000	10	40	21	8	189	1126.290000	6	0.417558	60	1	0	163	3 	4 	0 	4 	4	10	133	0.274405	0.316988	4	2	181	0	585	0.594743	0.606726	0	"TuneOdometry"	
1.495590	1	0 	0.255749 	15 	50	15	5	7	1	4	228	12	10	1	3	2	178	162	5	36.825244	26	14	8	0	3	10	897	1600	1	3	0	3	15	3.429285	0 	0.800000	0.015699	1	0 	0 	0.252635 	14.000000	10	40	17	8	189	794.180000	6	0.454930	60	1	0	176	3 	4 	0 	1 	4	10	151	0.274405	0.316988	4	2	181	0	585	0.594743	0.606726	0	"TuneOdometry"	
1.605457	1	0 	0.212250 	15 	50	15	5	5	1	4	228	12	10	1	3	1	171	169	7	33.186540	27	11	7	0	3	8	897	1600	1	4	1	3	18	2.974614	0 	0.800000	0.015699	1	2 	0 	0.233046 	5.000000	12	31	21	8	189	412.060000	6	0.442082	67	1	0	159	1 	3 	0 	5 	4	13	142	0.274405	0.316988	4	2	181	0	585	0.594743	0.606726	0	"TuneOdometry"	
1.605457	1	0 	0.248650 	15 	52	15	5	7	1	4	228	12	10	1	3	2	156	162	7	30.661828	27	10	7	0	5	10	677	1600	1	3	0	2	18	3.201950	0 	0.800000	0.017196	2	0 	0 	0.252709 	5.000000	8	31	23	8	237	409.060000	8	0.439290	76	1	0	164	1 	3 	0 	5 	4	14	142	0.274405	0.316988	4	2	181	0	585	0.594743	0.606726	0	"TuneOdometry"	
1.300000	1	0 	0.255749 	15 	50	15	5	5	0	4	228	12	10	1	3	2	158	162	5	30.000000	27	17	5	0	3	10	857	1600	1	3	0	3	17	3.086473	1 	0.800000	0.015699	0	3 	0 	0.214139 	19.000000	10	34	21	8	189	785.610000	7	0.417558	49	1	0	154	3 	4 	0 	0 	4	7	142	0.274405	0.316988	4	2	181	0	585	0.594743	0.606726	0	"TuneOdometry"	
1.567054	1	6 	0.255749 	15 	50	15	5	8	0	4	228	12	10	1	3	2	178	162	6	32.988390	26	12	7	0	3	10	951	1600	1	3	0	3	17	2.318251	1 	0.800000	0.016313	0	0 	0 	0.252709 	10.000000	10	38	14	8	189	731.490000	5	0.508980	60	1	0	159	1 	2 	0 	1 	4	8	153	0.274405	0.316988	4	2	181	0	585	0.594743	0.606726	0	"TuneOdometry"	
1.572272	1	0 	0.255749 	12 	50	15	8	8	1	4	228	12	10	1	3	2	158	162	6	30.000000	23	16	7	0	3	10	897	1600	1	3	0	3	17	2.974614	1 	0.800000	0.015699	0	0 	0 	0.284020 	14.000000	10	40	22	8	212	872.590000	6	0.463345	49	1	0	159	3 	4 	0 	1 	4	13	142	0.274405	0.316988	4	2	181	0	585	0.594743	0.606726	0	"TuneOdometry"	
1.648955	1	0 	0.255749 	15 	53	15	5	5	1	4	228	12	10	1	3	2	157	162	5	30.000000	25	16	7	0	3	8	886	1600	1	3	0	3	18	3.086473	1 	0.800000	0.015699	0	0 	0 	0.268365 	30.000000	10	36	21	8	189	585.590000	5	0.463345	38	1	0	159	3 	4 	0 	5 	4	12	142	0.274405	0.316988	4	2	181	0	585	0.594743	0.606726	0	"TuneOdometry"	
1.495590	1	0 	0.279705 	15 	50	15	5	5	1	4	228	12	10	1	3	2	178	162	6	36.825244	26	12	7	0	3	10	897	1600	1	3	1	3	17	3.165152	0 	0.800000	0.015699	2	0 	0 	0.252635 	11.000000	10	40	25	8	189	550.430000	4	0.508980	60	1	0	159	3 	4 	0 	1 	4	10	142	0.274405	0.316988	4	2	181	0	585	0.594743	0.606726	0	"TuneOdometry"	
1.406214	2	0 	0.255749 	15 	50	15	5	8	1	4	228	12	10	1	3	2	158	162	5	30.000000	22	16	7	0	3	8	886	1600	1	3	0	3	16	3.198332	1 	0.877991	0.015699	0	0 	0 	0.276193 	20.000000	10	40	21	8	192	1089.890000	6	0.349309	43	0	0	159	3 	4 	0 	5 	4	10	142	0.274405	0.316988	4	2	181	0	585	0.594743	0.606726	0	"TuneOdometry"	
1.495590	1	0 	0.255749 	15 	50	15	5	5	0	4	228	12	10	1	3	2	158	162	7	28.212120	27	12	9	0	3	10	897	1600	1	3	0	3	14	2.974614	1 	0.800000	0.017390	0	0 	0 	0.252709 	68.000000	10	38	21	8	189	808.420000	6	0.339640	60	1	0	159	3 	4 	0 	1 	4	10	171	0.274405	0.316988	4	2	181	0	585	0.594743	0.606726	0	"TuneOdometry"	
1.495590	1	0 	0.255749 	15 	50	15	5	7	1	4	228	12	10	1	3	2	158	166	5	30.000000	27	16	7	0	3	9	897	1600	1	3	0	4	15	3.313809	1 	0.800000	0.015699	0	0 	0 	0.198809 	14.000000	10	40	19	8	193	581.520000	5	0.463345	38	1	0	159	3 	4 	0 	5 	4	12	169	0.274405	0.316988	4	2	181	0	585	0.594743	0.606726	0	"TuneOdometry"	
1.648955	1	6 	0.255749 	15 	50	15	5	5	1	4	228	12	10	1	3	2	158	162	5	36.126789	25	18	7	0	3	10	897	1600	1	3	0	4	15	3.429285	1 	0.800000	0.015699	0	0 	0 	0.268365 	18.500000	9	31	21	8	220	700.400000	5	0.463345	49	1	0	134	3 	4 	0 	1 	4	17	154	0.274405	0.316988	4	2	181	0	585	0.594743	0.606726	0	"TuneOdometry"	
1.648955	1	0 	0.255749 	15 	50	15	5	5	1	4	228	12	10	1	3	2	157	162	5	30.000000	26	23	9	0	3	8	886	1600	1	3	0	2	17	3.425987	1 	0.800000	0.014542	0	0 	0 	0.292227 	24.500000	10	34	21	8	190	691.870000	8	0.417558	63	1	0	198	3 	4 	0 	5 	4	7	128	0.274405	0.316988	4	2	181	0	585	0.594743	0.606726	0	"TuneOdometry"	
1.406214	1	0 	0.252200 	15 	52	15	5	5	0	4	228	12	10	1	3	2	162	162	9	37.728776	27	17	5	1	3	7	897	1600	1	3	1	3	17	3.030543	0 	0.800000	0.016039	0	1 	0 	0.270966 	0.000000	10	32	21	8	189	0.330000	7	0.550403	49	1	0	151	3 	3 	0 	5 	4	9	142	0.274405	0.316988	4	2	181	0	585	0.594743	0.606726	0	"TuneOdometry"	
1.406214	1	0 	0.293405 	15 	50	15	5	5	1	4	228	12	10	1	3	2	158	162	5	34.013234	23	18	9	0	3	8	875	1600	1	3	0	3	17	3.198332	1 	0.800000	0.015699	0	2 	0 	0.247871 	12.000000	10	26	21	8	192	1030.460000	5	0.390315	43	1	0	159	3 	4 	0 	2 	4	10	142	0.274405	0.316988	4	2	181	0	585	0.594743	0.606726	0	"TuneOdometry"	
1.638517	1	0 	0.255749 	15 	50	15	5	5	0	4	228	12	10	1	3	4	158	162	6	22.249370	27	12	7	1	3	9	1062	1600	1	3	0	3	18	2.318251	1 	0.800000	0.019065	0	0 	0 	0.252709 	14.000000	10	34	21	8	189	804.790000	6	0.417558	60	1	0	159	1 	4 	0 	1 	4	7	146	0.274405	0.316988	4	2	181	0	585	0.594743	0.606726	0	"TuneOdometry"	
1.648955	1	0 	0.255749 	15 	41	15	5	8	1	4	228	12	10	1	3	2	158	162	5	30.000000	23	12	7	0	3	8	875	1600	1	3	0	3	16	2.918998	1 	0.800000	0.015699	0	0 	0 	0.284020 	11.000000	10	40	28	8	193	411.020000	5	0.463345	38	1	0	159	1 	4 	0 	0 	4	14	142	0.274405	0.316988	4	2	181	0	585	0.594743	0.606726	0	"TuneOdometry"	
1.635874	1	0 	0.255749 	15 	50	15	5	5	0	4	228	12	10	1	3	2	182	144	5	31.343558	27	13	6	0	3	8	886	1600	1	3	0	3	16	3.030543	1 	0.800000	0.015699	0	1 	0 	0.268365 	23.500000	10	37	19	8	189	773.320000	4	0.463269	47	1	0	159	3 	4 	0 	1 	4	12	142	0.274405	0.316988	4	2	181	0	585	0.594743	0.606726	0	"TuneOdometry"	
1.627206	1	0 	0.193262 	15 	50	15	5	5	0	4	228	12	10	1	3	4	158	176	5	30.000000	27	17	10	0	3	8	897	1600	1	3	0	3	16	3.086473	0 	0.800000	0.017196	0	0 	0 	0.273568 	27.000000	9	35	21	8	211	718.200000	5	0.442082	38	1	0	159	3 	3 	0 	5 	4	12	142	0.274405	0.316988	4	2	181	0	585	0.594743	0.606726	0	"TuneOdometry"	
1.495590	1	0 	0.255749 	15 	61	15	5	5	1	4	228	12	10	1	3	2	157	162	7	30.000000	26	12	9	0	3	10	897	1600	1	3	0	3	16	2.974614	1 	0.800000	0.017390	0	0 	0 	0.230783 	22.500000	10	38	21	8	169	823.070000	5	0.463345	60	1	0	159	3 	4 	0 	1 	4	10	142	0.274405	0.316988	4	2	181	0	585	0.594743	0.606726	0	"TuneOdometry"	
1.495590	1	0 	0.259494 	15 	50	15	8	5	1	4	228	12	10	1	3	3	158	162	6	30.000000	28	10	7	0	4	10	827	1600	1	3	0	3	15	3.591779	1 	0.800000	0.015699	1	0 	0 	0.252709 	13.000000	10	40	17	8	189	689.020000	8	0.578164	60	1	0	159	3 	4 	0 	2 	4	10	142	0.274405	0.316988	4	2	181	0	585	0.594743	0.606726	0	"TuneOdometry"	
1.648955	1	0 	0.255749 	14 	51	15	5	5	1	4	228	12	10	1	3	2	169	162	5	30.000000	28	13	6	1	5	9	891	1600	1	3	0	3	16	3.257879	0 	0.800000	0.015699	1	0 	0 	0.268365 	18.000000	10	51	17	8	189	660.400000	5	0.463345	38	1	0	159	3 	4 	0 	5 	4	11	134	0.274405	0.316988	4	2	181	0	585	0.594743	0.606726	0	"TuneOdometry"	
1.550523	1	0 	0.248650 	15 	52	15	5	5	0	4	228	12	10	1	3	2	199	169	8	33.186540	26	15	7	0	3	7	897	1600	1	4	0	3	16	2.974614	0 	0.926664	0.017196	0	0 	1 	0.241370 	16.000000	7	31	12	8	189	740.460000	4	0.508980	67	1	0	159	3 	3 	0 	5 	4	11	142	0.274405	0.316988	4	2	181	0	585	0.594743	0.606726	0	"TuneOdometry"	
1.572272	1	0 	0.255749 	15 	50	15	5	5	1	4	228	12	10	1	3	2	158	162	5	23.537592	17	13	7	0	3	8	875	1600	1	3	0	3	12	3.198332	1 	0.800000	0.015699	0	0 	0 	0.284020 	76.000000	10	40	21	8	229	853.980000	8	0.463345	38	1	0	159	3 	4 	0 	1 	4	12	142	0.274405	0.316988	4	2	181	0	585	0.594743	0.606726	0	"TuneOdometry"	
1.755125	1	0 	0.255749 	16 	51	15	5	7	1	4	228	12	10	1	3	2	172	162	5	30.000000	24	17	7	0	3	8	886	1600	1	3	0	4	17	3.142403	1 	0.800000	0.015699	0	0 	0 	0.276193 	22.000000	10	40	21	8	189	594.870000	5	0.463345	38	1	0	159	3 	4 	0 	5 	4	14	142	0.274405	0.316988	4	2	181	0	585	0.594743	0.606726	0	"TuneOdometry"	
1.675634	1	6 	0.255749 	15 	54	15	5	5	0	4	228	12	10	1	3	4	157	176	5	30.000000	27	20	7	0	3	8	886	1600	1	4	0	4	18	2.974614	0 	0.800000	0.022665	0	0 	0 	0.273568 	25.000000	10	36	21	8	189	793.130000	5	0.452713	38	1	0	151	3 	4 	0 	2 	4	12	142	0.274405	0.316988	4	2	181	0	585	0.594743	0.606726	0	"TuneOdometry"	
1.605457	1	0 	0.220489 	20 	54	15	5	5	0	4	228	12	10	1	3	2	158	176	9	30.391688	25	18	5	0	3	7	897	1600	1	4	0	4	18	2.974614	0 	0.800000	0.018692	0	1 	0 	0.335336 	299.500000	10	39	21	8	189	535.550000	6	0.432482	74	1	0	152	3 	3 	0 	5 	4	13	142	0.274405	0.316988	4	2	181	0	585	0.594743	0.606726	0	"TuneOdometry"	
1.495590	1	6 	0.242754 	15 	62	15	5	5	0	4	228	12	10	1	3	4	151	162	5	31.056212	31	13	7	0	4	10	897	1600	1	3	0	3	15	3.429285	1 	0.800000	0.013154	0	4 	1 	0.205589 	18.000000	10	40	17	8	189	705.370000	8	0.508980	60	1	0	159	3 	4 	0 	1 	4	10	142	0.274405	0.316988	4	2	181	0	585	0.594743	0.606726	0	"TuneOdometry"	
1.300000	1	6 	0.236104 	17 	50	15	5	8	0	4	228	12	10	1	3	2	158	138	8	30.699330	27	12	7	0	3	7	897	1600	1	3	0	3	16	2.892757	0 	0.800000	0.017390	0	1 	1 	0.273568 	14.000000	10	38	21	8	189	1153.540000	6	0.390861	60	1	0	159	3 	4 	0 	1 	4	11	156	0.274405	0.316988	4	2	181	0	585	0.594743	0.606726	0	"TuneOdometry"	
1.406214	1	0 	0.255749 	15 	50	15	5	5	0	4	228	12	10	1	3	2	213	162	5	35.260112	27	15	7	0	3	8	897	1600	1	3	0	2	19	3.086473	1 	0.800000	0.013385	0	0 	0 	0.252561 	17.000000	8	37	21	8	168	1164.200000	6	0.417558	60	1	0	159	3 	4 	0 	1 	4	8	142	0.274405	0.316988	4	2	181	0	585	0.594743	0.606726	0	"TuneOdometry"	
